IP,Time,Staus,Method
10.128.2.1,29/Nov/2017:06:58:55,200,GET
10.128.2.1,29/Nov/2017:06:59:02,302,POST
10.128.2.1,29/Nov/2017:06:59:03,200,GET
10.131.2.1,29/Nov/2017:06:59:04,200,GET
10.130.2.1,29/Nov/2017:06:59:06,200,GET
10.130.2.1,29/Nov/2017:06:59:19,200,GET
10.128.2.1,29/Nov/2017:06:59:19,200,GET
10.131.2.1,29/Nov/2017:06:59:19,200,GET
10.131.2.1,29/Nov/2017:06:59:30,200,GET
10.131.2.1,29/Nov/2017:06:59:37,302,GET
10.131.2.1,29/Nov/2017:06:59:37,200,GET
10.130.2.1,29/Nov/2017:07:00:19,200,GET
10.130.2.1,29/Nov/2017:07:00:21,200,GET
10.130.2.1,29/Nov/2017:13:31:27,302,GET
10.130.2.1,29/Nov/2017:13:31:28,200,GET
10.129.2.1,29/Nov/2017:13:38:03,302,POST
10.131.0.1,29/Nov/2017:13:38:04,200,GET
10.131.0.1,29/Nov/2017:13:38:07,200,GET
10.130.2.1,29/Nov/2017:13:38:19,302,GET
10.131.2.1,29/Nov/2017:13:38:20,200,GET
10.131.2.1,29/Nov/2017:13:38:20,200,GET
10.128.2.1,29/Nov/2017:13:38:20,200,GET
10.131.0.1,29/Nov/2017:13:38:20,200,GET
10.128.2.1,29/Nov/2017:13:38:20,200,GET
10.131.0.1,29/Nov/2017:13:38:20,200,GET
10.129.2.1,29/Nov/2017:13:38:20,200,GET
10.131.0.1,29/Nov/2017:13:38:21,200,GET
10.128.2.1,29/Nov/2017:13:38:21,200,GET
10.131.2.1,29/Nov/2017:13:38:23,200,GET
10.131.2.1,29/Nov/2017:13:46:46,200,GET
10.131.2.1,29/Nov/2017:13:46:50,200,GET
10.131.2.1,29/Nov/2017:13:46:53,302,GET
10.131.2.1,29/Nov/2017:13:46:54,200,GET
10.131.2.1,29/Nov/2017:13:47:04,302,POST
10.131.2.1,29/Nov/2017:13:47:05,200,GET
10.131.2.1,29/Nov/2017:13:47:16,302,POST
10.131.2.1,29/Nov/2017:13:47:16,200,GET
10.131.2.1,29/Nov/2017:13:47:19,302,GET
10.130.2.1,29/Nov/2017:13:47:20,200,GET
10.129.2.1,29/Nov/2017:13:49:25,302,GET
10.128.2.1,29/Nov/2017:13:49:26,200,GET
10.128.2.1,29/Nov/2017:13:49:32,200,GET
10.128.2.1,29/Nov/2017:13:49:34,200,GET
10.128.2.1,29/Nov/2017:13:49:37,200,GET
10.131.2.1,29/Nov/2017:13:51:40,302,GET
10.129.2.1,29/Nov/2017:13:51:41,200,GET
10.129.2.1,29/Nov/2017:13:51:44,302,POST
10.131.2.1,29/Nov/2017:13:51:44,200,GET
10.131.2.1,29/Nov/2017:13:51:46,200,GET
10.131.2.1,29/Nov/2017:13:51:49,200,GET
10.128.2.1,29/Nov/2017:13:57:04,200,GET
10.131.2.1,29/Nov/2017:14:04:57,200,GET
10.131.2.1,29/Nov/2017:14:05:10,200,GET
10.131.2.1,29/Nov/2017:14:05:12,200,GET
10.131.2.1,29/Nov/2017:14:05:16,200,GET
10.131.2.1,29/Nov/2017:14:05:22,200,GET
10.131.2.1,29/Nov/2017:14:05:24,200,GET
10.131.2.1,29/Nov/2017:14:05:28,200,GET
10.131.2.1,29/Nov/2017:14:05:35,200,GET
10.131.2.1,29/Nov/2017:14:05:37,200,GET
10.131.2.1,29/Nov/2017:14:06:05,200,GET
10.128.2.1,29/Nov/2017:14:06:10,200,GET
10.131.0.1,29/Nov/2017:14:31:33,200,GET
10.131.2.1,29/Nov/2017:14:33:21,200,GET
10.131.2.1,29/Nov/2017:14:33:22,304,GET
10.128.2.1,29/Nov/2017:14:33:22,304,GET
10.131.0.1,29/Nov/2017:14:33:22,304,GET
10.131.2.1,29/Nov/2017:14:33:22,304,GET
10.131.0.1,29/Nov/2017:14:33:22,304,GET
10.128.2.1,29/Nov/2017:14:33:23,304,GET
10.131.2.1,29/Nov/2017:14:33:23,304,GET
10.131.2.1,29/Nov/2017:14:33:23,304,GET
10.128.2.1,29/Nov/2017:14:33:23,304,GET
10.131.2.1,29/Nov/2017:14:33:26,200,GET
10.130.2.1,29/Nov/2017:14:38:07,200,GET
10.130.2.1,29/Nov/2017:14:38:08,200,GET
10.130.2.1,29/Nov/2017:14:38:09,304,GET
10.130.2.1,29/Nov/2017:14:38:13,200,GET
10.128.2.1,29/Nov/2017:14:38:40,200,GET
10.128.2.1,29/Nov/2017:14:38:43,200,GET
10.129.2.1,29/Nov/2017:14:52:51,200,GET
10.129.2.1,29/Nov/2017:14:53:22,200,GET
10.129.2.1,29/Nov/2017:14:53:24,200,GET
10.131.0.1,29/Nov/2017:14:54:55,200,GET
10.128.2.1,29/Nov/2017:14:55:46,200,GET
10.128.2.1,29/Nov/2017:14:55:53,200,GET
10.128.2.1,29/Nov/2017:14:55:56,200,GET
10.128.2.1,29/Nov/2017:14:56:00,200,GET
10.128.2.1,29/Nov/2017:14:56:04,200,GET
10.128.2.1,29/Nov/2017:14:56:08,302,GET
10.129.2.1,29/Nov/2017:14:56:08,200,GET
10.129.2.1,29/Nov/2017:14:56:17,302,POST
10.129.2.1,29/Nov/2017:14:56:18,200,GET
10.131.0.1,29/Nov/2017:15:00:05,200,GET
10.131.2.1,29/Nov/2017:15:00:53,200,GET
10.131.2.1,29/Nov/2017:15:00:53,304,GET
10.131.2.1,29/Nov/2017:15:00:55,200,GET
10.131.2.1,29/Nov/2017:15:01:00,200,GET
10.130.2.1,29/Nov/2017:15:01:04,200,GET
10.128.2.1,29/Nov/2017:15:04:07,200,GET
10.128.2.1,29/Nov/2017:15:04:10,302,GET
10.130.2.1,29/Nov/2017:15:04:11,200,GET
10.130.2.1,29/Nov/2017:15:04:31,200,GET
10.130.2.1,29/Nov/2017:15:04:34,302,GET
10.130.2.1,29/Nov/2017:15:04:35,200,GET
10.130.2.1,29/Nov/2017:15:04:41,200,GET
10.130.2.1,29/Nov/2017:15:05:11,200,GET
10.130.2.1,29/Nov/2017:15:05:19,302,GET
10.131.2.1,29/Nov/2017:15:05:20,200,GET
10.131.2.1,29/Nov/2017:15:05:24,200,GET
10.131.2.1,29/Nov/2017:15:05:30,200,GET
10.131.2.1,29/Nov/2017:15:05:35,200,GET
10.128.2.1,29/Nov/2017:15:07:26,200,GET
10.131.2.1,29/Nov/2017:15:07:44,302,GET
10.128.2.1,29/Nov/2017:15:07:44,200,GET
10.128.2.1,29/Nov/2017:15:07:45,200,GET
10.128.2.1,29/Nov/2017:15:07:45,200,GET
10.131.2.1,29/Nov/2017:15:07:45,200,GET
10.130.2.1,29/Nov/2017:15:07:45,200,GET
10.131.0.1,29/Nov/2017:15:07:45,200,GET
10.128.2.1,29/Nov/2017:15:07:45,200,GET
10.130.2.1,29/Nov/2017:15:07:46,200,GET
10.131.2.1,29/Nov/2017:15:07:46,200,GET
10.128.2.1,29/Nov/2017:15:07:49,200,GET
10.128.2.1,29/Nov/2017:15:07:57,302,POST
10.128.2.1,29/Nov/2017:15:07:57,200,GET
10.128.2.1,29/Nov/2017:15:07:58,200,GET
10.130.2.1,29/Nov/2017:15:07:58,200,GET
10.128.2.1,29/Nov/2017:15:08:04,200,GET
10.128.2.1,29/Nov/2017:15:08:07,302,GET
10.130.2.1,29/Nov/2017:15:08:07,200,GET
10.130.2.1,29/Nov/2017:15:08:10,200,GET
10.130.2.1,29/Nov/2017:15:08:27,302,GET
10.131.2.1,29/Nov/2017:15:08:28,200,GET
10.131.2.1,29/Nov/2017:15:08:46,200,GET
10.131.2.1,29/Nov/2017:15:08:48,302,GET
10.129.2.1,29/Nov/2017:15:08:49,200,GET
10.129.2.1,29/Nov/2017:15:08:52,200,GET
10.128.2.1,29/Nov/2017:15:11:18,200,GET
10.128.2.1,29/Nov/2017:15:11:21,302,GET
10.128.2.1,29/Nov/2017:15:11:21,200,GET
10.128.2.1,29/Nov/2017:15:11:24,200,GET
10.128.2.1,29/Nov/2017:15:11:32,200,GET
10.128.2.1,29/Nov/2017:15:11:36,302,GET
10.128.2.1,29/Nov/2017:15:11:36,200,GET
10.128.2.1,29/Nov/2017:15:11:41,200,GET
10.129.2.1,29/Nov/2017:15:12:40,302,GET
10.129.2.1,29/Nov/2017:15:12:40,200,GET
10.129.2.1,29/Nov/2017:15:12:44,200,GET
10.129.2.1,29/Nov/2017:15:12:48,200,GET
10.129.2.1,29/Nov/2017:15:12:58,200,GET
10.129.2.1,29/Nov/2017:15:13:01,200,GET
10.129.2.1,29/Nov/2017:15:13:12,302,GET
10.130.2.1,29/Nov/2017:15:13:12,200,GET
10.130.2.1,29/Nov/2017:15:13:16,200,GET
10.131.2.1,29/Nov/2017:15:40:24,200,GET
10.131.2.1,29/Nov/2017:15:40:29,200,GET
10.131.2.1,29/Nov/2017:15:40:31,200,GET
10.131.2.1,29/Nov/2017:15:40:33,200,GET
10.131.2.1,29/Nov/2017:15:40:42,200,GET
10.131.2.1,29/Nov/2017:15:40:48,200,GET
10.131.2.1,29/Nov/2017:15:40:49,200,GET
10.131.2.1,29/Nov/2017:15:40:53,200,GET
10.131.2.1,29/Nov/2017:15:40:56,200,GET
10.131.0.1,29/Nov/2017:15:41:03,302,GET
10.129.2.1,29/Nov/2017:15:41:04,200,GET
10.129.2.1,29/Nov/2017:15:41:25,302,GET
10.131.0.1,29/Nov/2017:15:41:26,200,GET
10.131.0.1,29/Nov/2017:15:41:34,302,GET
10.129.2.1,29/Nov/2017:15:41:35,200,GET
10.129.2.1,29/Nov/2017:15:41:52,200,GET
10.129.2.1,29/Nov/2017:15:41:55,302,GET
10.131.2.1,29/Nov/2017:15:41:55,200,GET
10.131.2.1,29/Nov/2017:15:42:00,200,GET
10.131.2.1,29/Nov/2017:15:42:03,200,GET
10.131.2.1,29/Nov/2017:15:42:11,200,GET
10.131.2.1,29/Nov/2017:15:42:19,200,GET
10.130.2.1,29/Nov/2017:15:43:33,200,GET
10.130.2.1,29/Nov/2017:15:43:36,302,GET
10.129.2.1,29/Nov/2017:15:43:37,200,GET
10.129.2.1,29/Nov/2017:15:43:40,200,GET
10.129.2.1,29/Nov/2017:15:43:42,200,GET
10.129.2.1,29/Nov/2017:15:43:55,200,GET
10.128.2.1,29/Nov/2017:15:56:11,200,GET
10.128.2.1,29/Nov/2017:15:56:15,302,GET
10.131.0.1,29/Nov/2017:15:56:16,200,GET
10.131.0.1,29/Nov/2017:15:56:21,200,GET
10.131.0.1,29/Nov/2017:15:56:38,302,GET
10.129.2.1,29/Nov/2017:15:56:39,200,GET
10.129.2.1,29/Nov/2017:15:56:44,200,GET
10.131.2.1,29/Nov/2017:16:08:00,302,GET
10.129.2.1,29/Nov/2017:16:08:00,200,GET
10.129.2.1,29/Nov/2017:16:08:06,200,GET
10.131.2.1,29/Nov/2017:16:14:46,200,GET
10.131.2.1,29/Nov/2017:16:14:53,200,GET
10.131.2.1,29/Nov/2017:16:15:02,200,GET
10.131.2.1,29/Nov/2017:16:15:06,200,GET
10.131.2.1,29/Nov/2017:16:15:10,200,GET
10.131.2.1,29/Nov/2017:16:15:33,200,GET
10.131.2.1,29/Nov/2017:16:15:36,200,GET
10.131.2.1,29/Nov/2017:16:15:40,200,GET
10.131.2.1,29/Nov/2017:16:15:42,200,GET
10.131.2.1,29/Nov/2017:16:15:45,200,GET
10.131.2.1,29/Nov/2017:16:15:50,302,GET
10.131.2.1,29/Nov/2017:16:15:51,200,GET
10.131.2.1,29/Nov/2017:16:15:56,200,GET
10.131.0.1,29/Nov/2017:16:18:05,200,GET
10.131.0.1,29/Nov/2017:16:18:12,302,GET
10.131.2.1,29/Nov/2017:16:18:13,200,GET
10.131.2.1,29/Nov/2017:16:18:16,200,GET
10.131.2.1,29/Nov/2017:16:21:26,200,GET
10.131.0.1,29/Nov/2017:16:21:36,302,GET
10.131.0.1,29/Nov/2017:16:21:37,200,GET
10.131.0.1,29/Nov/2017:16:21:37,200,GET
10.131.2.1,29/Nov/2017:16:21:37,200,GET
10.130.2.1,29/Nov/2017:16:21:37,200,GET
10.131.2.1,29/Nov/2017:16:21:38,200,GET
10.131.0.1,29/Nov/2017:16:21:38,200,GET
10.130.2.1,29/Nov/2017:16:21:38,200,GET
10.131.2.1,29/Nov/2017:16:21:38,200,GET
10.130.2.1,29/Nov/2017:16:21:38,200,GET
10.131.2.1,29/Nov/2017:16:21:41,302,GET
10.131.0.1,29/Nov/2017:16:21:42,200,GET
10.131.2.1,29/Nov/2017:16:21:42,302,GET
10.131.2.1,29/Nov/2017:16:21:42,200,GET
10.129.2.1,29/Nov/2017:16:21:42,200,GET
10.131.0.1,29/Nov/2017:16:21:43,200,GET
10.128.2.1,29/Nov/2017:16:21:43,200,GET
10.129.2.1,29/Nov/2017:16:21:43,200,GET
10.131.2.1,29/Nov/2017:16:21:43,200,GET
10.131.2.1,29/Nov/2017:16:21:44,200,GET
10.129.2.1,29/Nov/2017:16:21:44,200,GET
10.128.2.1,29/Nov/2017:16:21:44,200,GET
10.131.2.1,29/Nov/2017:16:21:44,200,GET
10.131.0.1,29/Nov/2017:16:21:44,200,GET
10.131.2.1,29/Nov/2017:16:21:44,200,GET
10.129.2.1,29/Nov/2017:16:21:44,200,GET
10.131.2.1,29/Nov/2017:16:21:44,200,GET
10.131.0.1,29/Nov/2017:16:21:44,200,GET
10.129.2.1,29/Nov/2017:16:21:45,200,GET
10.131.2.1,29/Nov/2017:16:21:45,200,GET
10.131.0.1,29/Nov/2017:16:21:45,200,GET
10.131.0.1,29/Nov/2017:16:21:47,302,GET
10.131.2.1,29/Nov/2017:16:21:48,200,GET
10.131.0.1,29/Nov/2017:16:21:49,200,GET
10.128.2.1,29/Nov/2017:16:21:57,200,GET
10.128.2.1,29/Nov/2017:16:22:07,200,GET
10.131.0.1,29/Nov/2017:16:22:20,302,GET
10.130.2.1,29/Nov/2017:16:22:20,200,GET
10.130.2.1,29/Nov/2017:16:22:24,200,GET
10.128.2.1,29/Nov/2017:16:22:31,302,POST
10.128.2.1,29/Nov/2017:16:22:31,200,GET
10.128.2.1,29/Nov/2017:16:22:32,200,GET
10.131.0.1,29/Nov/2017:16:22:32,200,GET
10.131.0.1,29/Nov/2017:16:22:38,302,GET
10.129.2.1,29/Nov/2017:16:22:39,200,GET
10.129.2.1,29/Nov/2017:16:22:39,200,GET
10.131.0.1,29/Nov/2017:16:22:39,200,GET
10.130.2.1,29/Nov/2017:16:22:39,200,GET
10.130.2.1,29/Nov/2017:16:22:41,200,GET
10.131.2.1,29/Nov/2017:16:22:41,200,GET
10.131.0.1,29/Nov/2017:16:22:41,200,GET
10.129.2.1,29/Nov/2017:16:22:41,200,GET
10.131.0.1,29/Nov/2017:16:22:43,200,GET
10.131.0.1,29/Nov/2017:16:22:51,302,GET
10.129.2.1,29/Nov/2017:16:22:51,200,GET
10.128.2.1,29/Nov/2017:16:22:52,200,GET
10.128.2.1,29/Nov/2017:16:22:56,302,GET
10.131.0.1,29/Nov/2017:16:22:57,302,POST
10.131.0.1,29/Nov/2017:16:22:57,200,GET
10.131.0.1,29/Nov/2017:16:22:59,200,GET
10.129.2.1,29/Nov/2017:16:23:00,200,GET
10.129.2.1,29/Nov/2017:16:23:00,200,GET
10.131.2.1,29/Nov/2017:16:23:09,302,GET
10.130.2.1,29/Nov/2017:16:23:10,200,GET
10.130.2.1,29/Nov/2017:16:23:11,200,GET
10.131.2.1,29/Nov/2017:16:23:11,200,GET
10.131.0.1,29/Nov/2017:16:23:11,200,GET
10.131.0.1,29/Nov/2017:16:23:11,200,GET
10.129.2.1,29/Nov/2017:16:23:11,200,GET
10.128.2.1,29/Nov/2017:16:23:11,200,GET
10.131.0.1,29/Nov/2017:16:23:12,200,GET
10.131.0.1,29/Nov/2017:16:23:12,200,GET
10.129.2.1,29/Nov/2017:16:23:13,302,GET
10.129.2.1,29/Nov/2017:16:23:13,200,GET
10.130.2.1,29/Nov/2017:16:23:22,302,GET
10.131.0.1,29/Nov/2017:16:23:23,200,GET
10.131.0.1,29/Nov/2017:16:23:23,206,GET
10.131.0.1,29/Nov/2017:16:23:24,206,GET
10.131.2.1,29/Nov/2017:16:23:48,302,GET
10.130.2.1,29/Nov/2017:16:23:48,200,GET
10.130.2.1,29/Nov/2017:16:23:49,200,GET
10.131.2.1,29/Nov/2017:16:23:49,200,GET
10.129.2.1,29/Nov/2017:16:23:49,200,GET
10.130.2.1,29/Nov/2017:16:23:50,200,GET
10.131.0.1,29/Nov/2017:16:23:50,200,GET
10.129.2.1,29/Nov/2017:16:23:51,200,GET
10.129.2.1,29/Nov/2017:16:23:51,200,GET
10.131.2.1,29/Nov/2017:16:23:51,200,GET
10.130.2.1,29/Nov/2017:16:23:56,200,GET
10.129.2.1,29/Nov/2017:16:28:11,302,GET
10.129.2.1,29/Nov/2017:16:28:11,200,GET
10.129.2.1,29/Nov/2017:16:28:12,200,GET
10.131.2.1,29/Nov/2017:16:28:12,200,GET
10.130.2.1,29/Nov/2017:16:28:12,200,GET
10.129.2.1,29/Nov/2017:16:28:12,200,GET
10.131.2.1,29/Nov/2017:16:28:12,200,GET
10.131.2.1,29/Nov/2017:16:28:13,200,GET
10.129.2.1,29/Nov/2017:16:28:13,200,GET
10.130.2.1,29/Nov/2017:16:28:13,200,GET
10.129.2.1,29/Nov/2017:16:28:21,200,GET
10.129.2.1,29/Nov/2017:16:28:40,200,GET
10.129.2.1,29/Nov/2017:16:29:12,200,GET
10.130.2.1,29/Nov/2017:16:37:50,302,GET
10.130.2.1,29/Nov/2017:16:37:51,200,GET
10.130.2.1,29/Nov/2017:16:37:51,302,GET
10.130.2.1,29/Nov/2017:16:37:51,200,GET
10.130.2.1,29/Nov/2017:16:37:54,302,GET
10.131.2.1,29/Nov/2017:16:37:54,200,GET
10.131.2.1,29/Nov/2017:16:38:16,200,GET
10.131.2.1,29/Nov/2017:16:38:27,200,GET
10.131.2.1,29/Nov/2017:16:38:30,200,GET
10.131.2.1,29/Nov/2017:16:40:36,302,GET
10.131.2.1,29/Nov/2017:16:40:44,200,GET
10.129.2.1,29/Nov/2017:16:40:45,200,GET
10.131.2.1,29/Nov/2017:16:40:45,200,GET
10.131.0.1,29/Nov/2017:16:43:36,302,GET
10.131.0.1,29/Nov/2017:16:43:37,200,GET
10.131.0.1,29/Nov/2017:16:43:40,200,GET
10.131.0.1,29/Nov/2017:16:43:48,200,GET
10.131.0.1,29/Nov/2017:16:43:54,200,GET
10.131.0.1,29/Nov/2017:16:44:05,302,GET
10.129.2.1,29/Nov/2017:16:44:06,200,GET
10.129.2.1,29/Nov/2017:16:44:17,200,GET
10.129.2.1,29/Nov/2017:16:44:21,200,GET
10.129.2.1,29/Nov/2017:16:44:25,200,GET
10.129.2.1,29/Nov/2017:16:44:34,200,GET
10.129.2.1,29/Nov/2017:16:44:41,302,GET
10.131.2.1,29/Nov/2017:16:44:43,200,GET
10.128.2.1,29/Nov/2017:16:45:00,302,GET
10.128.2.1,29/Nov/2017:16:45:00,200,GET
10.128.2.1,29/Nov/2017:16:45:01,200,GET
10.131.2.1,29/Nov/2017:16:45:01,200,GET
10.131.2.1,29/Nov/2017:16:45:01,200,GET
10.131.2.1,29/Nov/2017:16:45:02,200,GET
10.129.2.1,29/Nov/2017:16:45:02,200,GET
10.130.2.1,29/Nov/2017:16:45:02,200,GET
10.131.2.1,29/Nov/2017:16:45:02,200,GET
10.131.2.1,29/Nov/2017:16:45:02,200,GET
10.128.2.1,29/Nov/2017:16:45:06,200,GET
10.130.2.1,29/Nov/2017:16:45:40,302,POST
10.130.2.1,29/Nov/2017:16:45:41,200,GET
10.130.2.1,29/Nov/2017:16:45:56,302,POST
10.130.2.1,29/Nov/2017:16:45:56,200,GET
10.130.2.1,29/Nov/2017:16:46:06,302,POST
10.130.2.1,29/Nov/2017:16:46:07,200,GET
10.130.2.1,29/Nov/2017:16:46:17,302,POST
10.128.2.1,29/Nov/2017:16:46:19,200,GET
10.128.2.1,29/Nov/2017:16:46:29,302,POST
10.128.2.1,29/Nov/2017:16:46:29,200,GET
10.128.2.1,29/Nov/2017:17:00:05,302,GET
10.130.2.1,29/Nov/2017:17:00:06,200,GET
10.128.2.1,29/Nov/2017:17:00:06,200,GET
10.130.2.1,29/Nov/2017:17:00:06,200,GET
10.131.0.1,29/Nov/2017:17:00:06,200,GET
10.131.2.1,29/Nov/2017:17:00:06,200,GET
10.129.2.1,29/Nov/2017:17:00:06,200,GET
10.128.2.1,29/Nov/2017:17:00:06,200,GET
10.131.0.1,29/Nov/2017:17:00:08,200,GET
10.128.2.1,29/Nov/2017:17:00:08,200,GET
10.131.2.1,29/Nov/2017:17:01:06,200,GET
10.130.2.1,29/Nov/2017:17:24:02,302,GET
10.129.2.1,29/Nov/2017:17:24:02,200,GET
10.130.2.1,29/Nov/2017:17:24:03,200,GET
10.131.2.1,29/Nov/2017:17:24:03,200,GET
10.129.2.1,29/Nov/2017:17:24:03,200,GET
10.130.2.1,29/Nov/2017:17:24:03,200,GET
10.131.0.1,29/Nov/2017:17:24:03,200,GET
10.131.2.1,29/Nov/2017:17:24:03,200,GET
10.131.2.1,29/Nov/2017:17:24:03,200,GET
10.131.0.1,29/Nov/2017:17:24:04,200,GET
10.128.2.1,29/Nov/2017:17:24:08,200,GET
10.131.0.1,29/Nov/2017:17:25:09,200,GET
10.131.0.1,29/Nov/2017:17:25:12,200,GET
10.130.2.1,29/Nov/2017:17:30:21,200,GET
10.131.2.1,29/Nov/2017:17:31:21,200,GET
10.128.2.1,29/Nov/2017:17:32:02,302,POST
10.128.2.1,29/Nov/2017:17:32:04,200,GET
10.129.2.1,29/Nov/2017:17:32:16,302,POST
10.129.2.1,29/Nov/2017:17:32:16,200,GET
10.129.2.1,29/Nov/2017:17:32:17,200,GET
10.131.0.1,29/Nov/2017:17:32:17,200,GET
10.131.0.1,29/Nov/2017:17:32:43,200,GET
10.129.2.1,29/Nov/2017:17:33:04,200,GET
10.130.2.1,29/Nov/2017:17:34:26,200,GET
10.131.2.1,29/Nov/2017:17:34:32,200,GET
10.128.2.1,29/Nov/2017:17:35:39,200,GET
10.128.2.1,29/Nov/2017:17:35:43,200,GET
10.128.2.1,29/Nov/2017:17:36:02,200,GET
10.128.2.1,29/Nov/2017:17:36:10,200,GET
10.131.0.1,29/Nov/2017:17:39:42,200,GET
10.131.0.1,29/Nov/2017:17:39:50,200,GET
10.131.0.1,29/Nov/2017:17:45:41,200,GET
10.131.0.1,29/Nov/2017:17:45:41,200,GET
10.131.0.1,29/Nov/2017:17:45:42,200,GET
10.130.2.1,29/Nov/2017:17:48:00,200,GET
10.130.2.1,29/Nov/2017:17:48:48,302,GET
10.130.2.1,29/Nov/2017:17:48:49,200,GET
10.130.2.1,29/Nov/2017:17:48:49,200,GET
10.129.2.1,29/Nov/2017:17:48:49,200,GET
10.131.2.1,29/Nov/2017:17:48:49,200,GET
10.131.0.1,29/Nov/2017:17:48:49,200,GET
10.128.2.1,29/Nov/2017:17:48:49,200,GET
10.130.2.1,29/Nov/2017:17:48:49,200,GET
10.131.2.1,29/Nov/2017:17:48:49,200,GET
10.129.2.1,29/Nov/2017:17:48:49,200,GET
10.131.2.1,29/Nov/2017:17:48:50,200,GET
10.131.2.1,29/Nov/2017:17:48:51,200,GET
10.131.2.1,29/Nov/2017:17:48:53,302,GET
10.131.2.1,29/Nov/2017:17:48:54,200,GET
10.131.2.1,29/Nov/2017:17:49:13,200,GET
10.130.2.1,29/Nov/2017:17:49:16,200,GET
10.129.2.1,29/Nov/2017:17:49:18,200,GET
10.131.2.1,29/Nov/2017:17:54:21,302,GET
10.131.2.1,29/Nov/2017:17:54:21,200,GET
10.131.2.1,29/Nov/2017:17:54:29,302,GET
10.131.0.1,29/Nov/2017:17:54:30,200,GET
10.131.2.1,29/Nov/2017:17:54:38,200,GET
10.131.2.1,29/Nov/2017:17:54:43,302,GET
10.131.2.1,29/Nov/2017:17:54:43,200,GET
10.130.2.1,29/Nov/2017:17:55:00,302,GET
10.131.2.1,29/Nov/2017:17:55:00,200,GET
10.131.2.1,29/Nov/2017:17:55:01,200,GET
10.130.2.1,29/Nov/2017:17:55:01,200,GET
10.129.2.1,29/Nov/2017:17:55:01,200,GET
10.131.2.1,29/Nov/2017:17:55:01,200,GET
10.129.2.1,29/Nov/2017:17:55:01,200,GET
10.130.2.1,29/Nov/2017:17:55:01,200,GET
10.129.2.1,29/Nov/2017:17:55:02,200,GET
10.131.2.1,29/Nov/2017:17:55:02,200,GET
10.129.2.1,29/Nov/2017:17:55:03,200,GET
10.129.2.1,29/Nov/2017:17:55:09,200,GET
10.131.2.1,29/Nov/2017:17:55:12,200,GET
10.131.2.1,29/Nov/2017:17:55:13,302,GET
10.131.2.1,29/Nov/2017:17:55:14,200,GET
10.131.0.1,29/Nov/2017:17:55:58,200,GET
10.131.0.1,29/Nov/2017:17:56:01,200,GET
10.131.0.1,29/Nov/2017:17:56:03,200,GET
10.131.0.1,29/Nov/2017:17:56:04,200,GET
10.131.0.1,29/Nov/2017:17:56:05,200,GET
10.131.0.1,29/Nov/2017:17:56:21,200,GET
10.131.0.1,29/Nov/2017:17:56:43,302,POST
10.128.2.1,29/Nov/2017:17:56:45,200,GET
10.131.2.1,29/Nov/2017:17:57:38,302,POST
10.131.2.1,29/Nov/2017:17:57:39,200,GET
10.131.2.1,29/Nov/2017:17:57:39,200,GET
10.129.2.1,29/Nov/2017:17:57:39,200,GET
10.129.2.1,29/Nov/2017:17:57:52,200,GET
10.129.2.1,29/Nov/2017:17:57:56,302,GET
10.131.2.1,29/Nov/2017:17:57:56,200,GET
10.129.2.1,29/Nov/2017:17:58:13,200,GET
10.128.2.1,29/Nov/2017:17:58:23,200,GET
10.128.2.1,29/Nov/2017:17:58:23,200,GET
10.131.2.1,29/Nov/2017:17:58:23,200,GET
10.131.2.1,29/Nov/2017:17:58:36,200,GET
10.131.2.1,29/Nov/2017:17:58:44,200,GET
10.131.2.1,29/Nov/2017:17:58:45,200,GET
10.129.2.1,29/Nov/2017:18:00:13,200,GET
10.131.0.1,29/Nov/2017:18:12:11,200,GET
10.131.0.1,29/Nov/2017:18:12:12,200,GET
10.131.0.1,29/Nov/2017:18:12:21,200,GET
10.131.0.1,29/Nov/2017:18:12:26,200,GET
10.131.0.1,29/Nov/2017:18:12:35,200,GET
10.131.0.1,29/Nov/2017:18:13:02,200,GET
10.131.0.1,29/Nov/2017:18:13:07,200,GET
10.128.2.1,29/Nov/2017:18:15:39,200,GET
10.129.2.1,29/Nov/2017:18:17:50,200,GET
10.129.2.1,29/Nov/2017:18:17:54,200,GET
10.129.2.1,29/Nov/2017:18:17:57,200,GET
10.129.2.1,29/Nov/2017:18:18:05,200,POST
10.131.0.1,29/Nov/2017:18:20:45,200,POST
10.131.0.1,29/Nov/2017:18:22:34,200,GET
10.131.0.1,29/Nov/2017:18:22:37,200,GET
10.131.0.1,29/Nov/2017:18:22:39,200,GET
10.131.0.1,29/Nov/2017:18:22:44,200,GET
10.131.0.1,29/Nov/2017:18:22:48,200,GET
10.131.0.1,29/Nov/2017:18:22:53,200,GET
10.131.0.1,29/Nov/2017:18:23:01,200,GET
10.131.0.1,29/Nov/2017:18:23:09,302,GET
10.131.0.1,29/Nov/2017:18:23:09,200,GET
10.131.0.1,29/Nov/2017:18:23:17,302,POST
10.131.0.1,29/Nov/2017:18:23:18,200,GET
10.131.0.1,29/Nov/2017:18:23:21,200,GET
10.131.0.1,29/Nov/2017:18:23:24,200,GET
10.128.2.1,29/Nov/2017:18:24:57,200,GET
10.128.2.1,29/Nov/2017:18:25:02,200,GET
10.128.2.1,29/Nov/2017:18:25:07,200,GET
10.128.2.1,29/Nov/2017:18:25:15,200,GET
10.128.2.1,29/Nov/2017:18:25:27,302,GET
10.129.2.1,29/Nov/2017:18:25:27,302,GET
